,ID,hla_match_c_high,hla_high_res_8,hla_low_res_6,hla_high_res_6,hla_high_res_10,hla_match_dqb1_high,hla_nmdp_6,hla_match_c_low,hla_match_drb1_low,hla_match_dqb1_low,year_hct,hla_match_a_high,donor_age,hla_match_b_low,age_at_hct,hla_match_a_low,hla_match_b_high,comorbidity_score,karnofsky_score,hla_low_res_8,hla_match_drb1_high,hla_low_res_10,efs,efs_time
count,28800.0,24180.0,22971.0,25530.0,23516.0,21637.0,23601.0,24603.0,26000.0,26157.0,24606.0,28800.0,24499.0,26992.0,26235.0,28800.0,26410.0,24712.0,28323.0,27930.0,25147.0,25448.0,23736.0,28800.0,28800.0
mean,14399.5,1.764516129032258,6.876801184101693,5.1433215824520175,5.10920224527981,8.617229745343625,1.7368755561205034,5.160346299231801,1.7578076923076924,1.715296096647169,1.7737950093473136,2015.1794444444445,1.7037430099187723,42.51159084173088,1.719916142557652,38.66316177083333,1.7090874668686105,1.6996196179993526,1.7023267309253962,83.83208020050125,6.903447727363105,1.7071282615529708,8.664686552072801,0.5393055555555556,23.237678159722226
std,8313.988212645,0.43194126844594855,1.564313429705457,1.2077573557232024,1.2141621012389927,1.9051250893743512,0.44768695571586636,1.2032398384501368,0.43545310874777776,0.45128192590976135,0.4271302813683493,3.1539138950010224,0.4622126927643617,15.251433945540295,0.4544488318566306,21.147580775291825,0.45825876795925996,0.46518013168140854,1.9944428538947958,11.028839731183238,1.5650172694279676,0.4611791921082871,1.882746160765216,0.4984613330182012,24.799748392664217
min,0.0,0.0,2.0,2.0,0.0,3.0,0.0,2.0,0.0,1.0,0.0,2008.0,0.0,18.01,0.0,0.044,0.0,0.0,0.0,40.0,2.0,0.0,4.0,0.0,0.333
25%,7199.75,2.0,6.0,4.0,4.0,7.0,1.0,4.0,2.0,1.0,2.0,2013.0,1.0,28.447,1.0,19.539,1.0,1.0,0.0,70.0,6.0,1.0,7.0,0.0,5.61975
50%,14399.5,2.0,8.0,6.0,6.0,10.0,2.0,6.0,2.0,2.0,2.0,2016.0,2.0,40.063,2.0,41.006,2.0,2.0,1.0,90.0,8.0,2.0,10.0,1.0,9.7965
75%,21599.25,2.0,8.0,6.0,6.0,10.0,2.0,6.0,2.0,2.0,2.0,2018.0,2.0,56.1315,2.0,55.965250000000005,2.0,2.0,2.0,90.0,8.0,2.0,10.0,1.0,35.1
max,28799.0,2.0,8.0,6.0,6.0,10.0,2.0,6.0,2.0,2.0,2.0,2020.0,2.0,84.8,2.0,73.726,2.0,2.0,10.0,100.0,8.0,2.0,10.0,1.0,156.819
